question;label;
How does Shakespeare use imagery to develop the theme of ambition in Macbeth?; Discuss;
What parallels can be drawn between the character development of Elizabeth Bennet and Mr. Darcy in Pride and Prejudice?; Compare;
In what way does the green light symbolize Gatsby's desires and dreams?; Explain;
Detail the ways in which Gothic elements contribute to the atmosphere in Jane Eyre.; Describe;
To what extent does the setting influence the characters' actions in Lord of the Flies?; Reason;
What role does symbolism play in developing the theme of corruption in Animal Farm?; Explain;
Write about the effectiveness of stream of consciousness narrative in Mrs. Dalloway.; Other;
Present your interpretation of the American Dream in Of Mice and Men.; Discuss;
Consider the impact of social class on the plot development in Great Expectations.; Discuss;
Outline the key features that make Hamlet a tragic hero.; Describe;
In what ways does Orwell use language to create fear in 1984?; Explain;
Should Brutus be considered a hero or villain in Julius Caesar?; Argue;
Compare the treatment of love in two sonnets by different poets.; Compare;
How effective is the use of foreshadowing in Romeo and Juliet?; Discuss;
What message does Miller convey about justice in The Crucible?; Explain;
Examine the significance of the mockingbird symbol in To Kill a Mockingbird.; Explain;
How does Wilde use satire to criticize Victorian society?; Discuss;
Compare the presentation of women in Jane Austen's Emma and Charlotte Brontë's Jane Eyre.; Compare;
Justify why the ending of King Lear can be considered both tragic and fitting.; Argue;
What role does the supernatural play in Macbeth's downfall?; Explain;
How do the color symbols reflect the themes of The Great Gatsby?; Explain;
Detail the ways in which Conrad builds tension in Heart of Darkness.; Describe;
What makes Othello a compelling tragic hero?; Reason;
Compare the representation of love in two poems from different time periods.; Compare;
How does Williams use symbolism to develop themes in A Streetcar Named Desire?; Explain;
Examine the role of fate versus free will in Romeo and Juliet.; Discuss;
What techniques does Shelley use to create sympathy for the monster in Frankenstein?; Explain;
How does Hardy present nature in his poetry?; Describe;
Compare the ways different authors present the theme of war in two poems.; Compare;
Why might Lady Macbeth be considered the fourth witch in Macbeth?; Reason;
Assess the importance of setting in Wuthering Heights.; Discuss;
How does Miller use dramatic irony in Death of a Salesman?; Explain;
What makes Nick Carraway an effective narrator in The Great Gatsby?; Reason;
Detail the ways Priestley builds dramatic tension in An Inspector Calls.; Describe;
Compare the presentation of power in Ozymandias and My Last Duchess.; Compare;
How does Shakespeare explore the theme of appearance versus reality in Hamlet?; Discuss;
What role does weather play in developing mood in Wuthering Heights?; Explain;
Should John Proctor be considered a tragic hero in The Crucible?; Argue;
How does Orwell use allegory to criticize political systems in Animal Farm?; Explain;
Compare the ways poets present relationships in two love poems.; Compare;
What message does Golding convey about human nature in Lord of the Flies?; Discuss;
Write about the significance of the glass unicorn in The Glass Menagerie.; Other;
Detail the ways Shakespeare presents the relationship between Macbeth and Lady Macbeth.; Describe;
Why is the ending of The Merchant of Venice considered problematic?; Reason;
Compare the presentation of parent-child relationships in King Lear and Hamlet.; Compare;
How does Carol Ann Duffy challenge traditional gender roles in her poetry?; Discuss;
What role does the past play in The Great Gatsby?; Explain;
Detail how Blake presents childhood in Songs of Innocence and Experience.; Describe;
How does Miller build tension throughout The Crucible?; Explain;
Compare the ways different poets present the theme of loss.; Compare;
What makes Isabella a complex character in Measure for Measure?; Reason;
How does Shakespeare explore the theme of betrayal in Julius Caesar?; Discuss;
What role does social class play in Pride and Prejudice?; Explain;
Compare the presentation of madness in King Lear and Hamlet.; Compare;
Should Shylock be considered a victim or villain in The Merchant of Venice?; Argue;
Detail the ways in which Dickens creates sympathy for his characters.; Describe;
What makes Death of a Salesman a modern tragedy?; Reason;
How does Shakespeare present the theme of loyalty in King Lear?; Discuss;
Compare the ways poets present nature in two poems.; Compare;
What role does guilt play in Macbeth?; Explain;
Present your view on whether Inspector Goole is a supernatural being.; Argue;
Detail the ways Hardy presents relationships in his poetry.; Describe;
Compare the presentation of conflict in two war poems.; Compare;
What makes Iago such an effective villain?; Reason;
How does Priestley explore responsibility in An Inspector Calls?; Discuss;
What role does memory play in The Glass Menagerie?; Explain;
Compare the ways different poets present death.; Compare;
Write about the significance of Curley's wife in Of Mice and Men.; Other;
Detail the ways Steinbeck presents friendship in Of Mice and Men.; Describe;
What makes Bottom an important character in A Midsummer Night's Dream?; Reason;
How does Wilde use humor to critique society?; Discuss;
Compare the presentation of women in two Victorian novels.; Compare;
What role does fate play in Romeo and Juliet?; Explain;
How does Owen present the horror of war in his poetry?; Describe;
Compare the ways different authors present love in their poetry.; Compare;
What makes The Handmaid's Tale a dystopian novel?; Reason;
How does Shakespeare explore power in The Tempest?; Discuss;
What role does the forest play in As You Like It?; Explain;
Detail the ways poets present conflict in their work.; Describe;
Compare the presentation of marriage in Pride and Prejudice and Jane Eyre.; Compare;
Should we sympathize with Tess in Tess of the d'Urbervilles?; Argue;
What makes Beatrice and Benedick's relationship compelling?; Reason;
How does Orwell create tension in 1984?; Discuss;
Compare the ways different poets present childhood.; Compare;
What role does deception play in Much Ado About Nothing?; Explain;
How does Shelley present nature in her poetry?; Describe;
Compare the presentation of evil in Macbeth and Dr. Jekyll and Mr. Hyde.; Compare;
What makes Cordelia's silence powerful in Act 1 of King Lear?; Reason;
How does Williams explore the American Dream in A Streetcar Named Desire?; Discuss;
What role does the past play in Great Expectations?; Explain;
Detail the ways Shakespeare presents love in Twelfth Night.; Describe;
Compare the presentation of parenthood in two texts.; Compare;
Write about the importance of the three witches in Macbeth.; Other;
What makes Richard III a compelling villain?; Reason;
How does Austen present marriage in Pride and Prejudice?; Discuss;
Compare the ways different poets present war.; Compare;
What role does religion play in The Canterbury Tales?; Explain;
How does Hardy present rural life in his novels?; Describe;
Compare the presentation of justice in The Merchant of Venice and Measure for Measure.; Compare;
What makes Cleopatra a complex character?; Reason;
How does Shakespeare explore gender roles in The Taming of the Shrew?; Discuss;
Compare the use of supernatural elements in Macbeth and A Midsummer Night's Dream.; Compare;
What function does the character of Mercutio serve in Romeo and Juliet?; Explain;
Detail how Ted Hughes presents animals in his poetry.; Describe;
Why can Jane Eyre be considered ahead of its time?; Reason;
Should readers sympathize with Heathcliff in Wuthering Heights?; Argue;
Write about the significance of the red room in Jane Eyre.; Other;
How does Fitzgerald critique the American Dream in The Great Gatsby?; Discuss;
Compare the presentation of fathers in King Lear and Hamlet.; Compare;
What role does the mockingbird symbolism play throughout To Kill a Mockingbird?; Explain;
Detail the ways Steinbeck presents loneliness in Of Mice and Men.; Describe;
Why might Gatsby be considered a tragic hero?; Reason;
Is Gertrude complicit in her husband's murder?; Argue;
Explore the importance of the three caskets in The Merchant of Venice.; Other;
How does Miller present the theme of reputation in The Crucible?; Discuss;
Compare the treatment of time in two modernist novels.; Compare;
What purpose does the character of Fool serve in King Lear?; Explain;
Detail how Larkin presents death in his poetry.; Describe;
Why is Caliban essential to the themes of The Tempest?; Reason;
Should readers view Angelo as a hypocrite or a victim of circumstances?; Argue;
Write about the significance of Piggy's glasses in Lord of the Flies.; Other;
How does Tennessee Williams present the idea of escape in The Glass Menagerie?; Discuss;
Compare the presentation of motherhood in two Victorian novels.; Compare;
What role does the lottery play in developing the story's themes?; Explain;
Detail the ways Shakespeare presents revenge in Hamlet.; Describe;
Why might the ending of The Handmaid's Tale be considered ambiguous?; Reason;
Is Benedick's transformation in Much Ado About Nothing convincing?; Argue;
Examine the significance of the conch shell in Lord of the Flies.; Other;
How does Orwell present the corruption of language in 1984?; Discuss;
Compare the use of imagery in two war poems.; Compare;
What function does the character of Banquo serve after his death?; Explain;
Detail how Chaucer presents corruption in The Canterbury Tales.; Describe;
Why is the setting of Wuthering Heights crucial to the story?; Reason;
Should we consider Shylock's demand for justice as reasonable?; Argue;
Write about the importance of the valley of ashes in The Great Gatsby.; Other;
How does Arthur Miller explore the American Dream in Death of a Salesman?; Discuss;
Compare the presentation of social class in Pride and Prejudice and Great Expectations.; Compare;
What role does alcohol play in The Glass Menagerie?; Explain;
Detail the ways Blake presents society in Songs of Experience.; Describe;
Why might Macbeth's internal conflict make him a complex character?; Reason;
Is Lady Macbeth solely responsible for Duncan's murder?; Argue;
Consider the significance of Bertha Mason in Jane Eyre.; Other;
How does Shakespeare present the theme of friendship in Julius Caesar?; Discuss;
Compare the treatment of death in two poems by different poets.; Compare;
What purpose does the character of Polonius serve in Hamlet?; Explain;
Detail how Priestley creates tension in An Inspector Calls.; Describe;
Why can Pride and Prejudice be considered a feminist novel?; Reason;
Should Romeo and Juliet be held responsible for their own deaths?; Argue;
Discuss the significance of the handkerchief in Othello.; Other;
How does Hardy present fate in Tess of the d'Urbervilles?; Discuss;
Compare the presentation of love in two Renaissance sonnets.; Compare;
What role does Mrs. Birling play in An Inspector Calls?; Explain;
Detail the ways Wordsworth presents nature in his poetry.; Describe;
Why might the ending of King Lear be considered justified?; Reason;
Is John Proctor's final decision heroic or foolish?; Argue;
Write about the importance of the pearl in The Pearl.; Other;
How does Shakespeare explore power in Richard III?; Discuss;
Compare the presentation of mental illness in two modern novels.; Compare;
What function does the storm serve in King Lear?; Explain;
Detail how Shelley creates sympathy for the creature in Frankenstein.; Describe;
Why can Hamlet's hesitation be considered reasonable?; Reason;
Should we view Stanley Kowalski as a villain?; Argue;
Explore the significance of the recurring fire imagery in Jane Eyre.; Other;
To what extent did the Marshall Plan serve as both an economic recovery program and a tool of American Cold War strategy?; Discuss;
Compare how Steinbeck and Miller critique capitalism through their presentation of the American Dream in their respective works.; Compare;
Detail how the Treaty of Versailles contributed to the political and economic instability of the Weimar Republic.; Describe;
Why might Churchill's decision to prioritize the Mediterranean campaign over the Second Front be considered strategically sound?; Reason;
Should NATO expansion in the post-Cold War era be viewed as a stabilizing or destabilizing force in European security?; Argue;
What role did the Iranian Revolution play in reshaping Middle Eastern geopolitics?; Explain;
Explore the interconnected impact of the Great Depression and the Dust Bowl on American society.; Other;
How do both Orwell's 1984 and historical examples of totalitarianism demonstrate the manipulation of collective memory?; Compare;
To what extent did colonial administrative systems influence post-independence governance in African nations?; Discuss;
Detail how the Industrial Revolution transformed both social class structures and literary representations of society.; Describe;
What parallels can be drawn between the fall of the Roman Republic and the political dynamics in Shakespeare's Julius Caesar?; Compare;
Why might Truman's decision to use atomic weapons be considered more political than military?; Reason;
Should the New Deal be interpreted as a radical restructuring or a conservative preservation of American capitalism?; Argue;
What role did propaganda play in both maintaining and undermining the Soviet system?; Explain;
Examine how both literature and historical documents reflect changing attitudes toward imperialism.; Other;
How does the treatment of power in King Lear reflect Renaissance political philosophies?; Discuss;
Compare the impact of economic austerity measures in post-2008 Europe with those of the 1930s.; Compare;
What underlying factors contributed to both the French and Russian Revolutions?; Explain;
Detail how social protest movements of the 1960s influenced both political policy and cultural expression.; Describe;
Why might the policy of Mutually Assured Destruction be considered paradoxically successful?; Reason;
Is the European Union's approach to sovereignty more successful than historical federal systems?; Argue;
Consider how both literary dystopias and historical totalitarian states approach information control.; Other;
How do Revolutionary-era pamphlets and modern social media similarly influence political movements?; Discuss;
Compare the role of religious ideology in the Crusades and modern religious conflicts.; Compare;
What complex factors contributed to the collapse of both the Soviet Union and the British Empire?; Explain;
Detail how different societies have interpreted and implemented democratic principles.; Describe;
Why might Mao's Cultural Revolution be considered both a political and social transformation?; Reason;
Should historical figures be judged by contemporary or period-specific moral standards?; Argue;
Analyze the relationship between economic systems and environmental degradation across different historical periods.; Other;
How does modernist literature reflect the political and social fragmentation of the post-WW1 era?; Discuss;
Compare approaches to civil rights movements in different countries and time periods.; Compare;
What role did technological advancement play in both World Wars and Cold War deterrence?; Explain;
Detail how different societies have balanced individual rights with collective security.; Describe;
Why might the formation of the United Nations be considered both idealistic and pragmatic?; Reason;
Should governments prioritize economic growth over environmental protection?; Argue;
Examine how both literature and propaganda shape national identity during wartime.; Other;
How do both Shakespeare's history plays and historical accounts reflect Tudor political ideology?; Discuss;
Compare the economic and social impact of the Black Death with modern global pandemics.; Compare;
What role did colonialism play in shaping both literary and political narratives?; Explain;
Detail how different political systems have approached wealth redistribution.; Describe;
Why might the policy of détente be considered a practical necessity rather than an ideological shift?; Reason;
Is the concept of humanitarian intervention a form of modern imperialism?; Argue;
Analyze how both poetry and propaganda conveyed the experience of World War I.; Other;
How did the Scientific Revolution influence both philosophical thought and political systems?; Discuss;
Compare the rise of nationalism in 19th century Europe with modern nationalist movements.; Compare;
What role did economic factors play in both the American Revolution and Civil War?; Explain;
Detail how different societies have addressed the challenge of religious pluralism.; Describe;
Why might the creation of the Federal Reserve be considered a compromise between competing interests?; Reason;
Should historical reparations be considered a viable approach to addressing historical injustices?; Argue;
Examine how both literature and law reflect changing attitudes toward human rights.; Other;
How do both Animal Farm and historical revolutions demonstrate the corruption of idealistic principles?; Compare;
To what extent did the Cold War influence both domestic and international policy decisions?; Discuss;
What impact did the printing press and internet have on political movements in their respective eras?; Compare;
Detail how different political systems have balanced centralization with local autonomy.; Describe;
Why might Bismarck's system of alliances be considered diplomatically innovative?; Reason;
Should the United Nations Security Council structure be reformed to reflect modern global power dynamics?; Argue;
What role did economic inequality play in both ancient and modern political upheavals?; Explain;
Consider how both modernist art and political movements responded to industrialization.; Other;
How did the concept of sovereignty evolve from the Peace of Westphalia to the present day?; Discuss;
Compare approaches to political dissent in democratic and authoritarian systems.; Compare;
What factors influenced both literary and political responses to imperialism?; Explain;
Detail how different societies have approached the relationship between church and state.; Describe;
Why might the Marshall Plan be considered more successful than modern nation-building efforts?; Reason;
Should developing nations prioritize democratization over economic development?; Argue;
Analyze how both literature and history reflect changing attitudes toward social class.; Other;
To what extent does the dialectical relationship between hegemonic power structures and subaltern resistance movements manifest in both postcolonial literature and historical independence movements?; Discuss;
Compare and evaluate the epistemological frameworks underlying both Enlightenment rationalism and postmodern approaches to historical interpretation.; Compare;
Detail how the intersection of sociolinguistic evolution and political discourse has shaped contemporary diplomatic negotiations.; Describe;
Why might the apparently paradoxical convergence of individualistic neoliberalism and collective social movements be considered emblematic of late capitalism?; Reason;
Should the perpetuation of traditional historiographical methodologies be maintained in an era of increasing technological determinism?; Argue;
What role does the metaphysical conception of national identity play in both literary representation and geopolitical conflict?; Explain;
Examine the ontological implications of technological mediation in both contemporary political discourse and modernist literary expression.; Other;
In what ways does the interpenetration of economic determinism and cultural hegemony manifest across different political systems?; Discuss;
Compare the phenomenological approaches to temporality in modernist literature with concurrent developments in historical periodization.; Compare;
What hermeneutical challenges arise when examining the intersection of literary symbolism and political iconography?; Explain;
Detail how the synthesis of competing ideological frameworks influences both artistic expression and political mobilization.; Describe;
Why might the apparent dichotomy between structuralist and post-structuralist approaches to historical analysis be considered artificial?; Reason;
Should the epistemic privileges traditionally accorded to empirical historiography be reconsidered in light of postcolonial theory?; Argue;
Analyze how the dialectical materialist conception of history influences both literary production and political praxis.; Other;
How does the interplay between synchronic and diachronic approaches to cultural analysis inform our understanding of political movements?; Discuss;
Compare the teleological assumptions underlying both Marxist historiography and classical narrative structures.; Compare;
What role does linguistic determinism play in shaping both literary representation and political discourse?; Explain;
Detail how the concatenation of technological innovation and social transformation manifests in different historical contexts.; Describe;
Why might the apparent antithesis between structural functionalism and agent-centered theories be considered methodologically useful?; Reason;
Is the paradigmatic shift from modernist to postmodernist epistemologies reflected in contemporary political theory?; Argue;
Examine how the symbiotic relationship between cultural production and political power structures manifests across different societies.; Other;
How do hermeneutical approaches to historical interpretation reflect epistemological assumptions about objectivity and truth?; Discuss;
Compare the phenomenological experience of temporality in revolutionary periods with its literary representations.; Compare;
What ontological presuppositions underlie both literary theorizations of power and political philosophies of governance?; Explain;
Detail how the dialectical relationship between base and superstructure manifests in both cultural production and political systems.; Describe;
Why might the synthesis of competing historical narratives be considered essential to contemporary historiography?; Reason;
Should the methodological individualism of traditional historical analysis be superseded by more systemic approaches?; Argue;
Consider how the interpenetration of aesthetic theory and political philosophy influences cultural production.; Other;
How does the reification of abstract social processes influence both literary representation and political analysis?; Discuss;
Compare the epistemological foundations of historical materialism with contemporary approaches to cultural analysis.; Compare;
What role does the dialectical negation of established paradigms play in both artistic and political revolutions?; Explain;
Detail how the intersection of phenomenological and structural approaches influences historical interpretation.; Describe;
Why might the apparent contradiction between agency and structure be considered fundamental to social theory?; Reason;
Should the traditional distinction between literary and historical truth be maintained in contemporary scholarship?; Argue;
Analyze how the metaphysical conception of progress influences both artistic production and political ideology.; Other;
How does the interplay between diachronic change and synchronic structure manifest in different historical contexts?; Discuss;
Compare the hermeneutical challenges posed by literary texts and historical documents.; Compare;
What epistemological assumptions underlie both literary theory and historical methodology?; Explain;
Detail how the dialectical relationship between tradition and innovation shapes cultural production.; Describe;
Why might the synthesis of competing theoretical frameworks be considered essential to contemporary analysis?; Reason;
Should the traditional boundaries between disciplines be maintained in an increasingly interdisciplinary academy?; Argue;
Examine how the interpenetration of aesthetic and political theory influences cultural criticism.; Other;
How do phenomenological approaches to temporality influence both literary and historical analysis?; Discuss;
Compare the ontological assumptions underlying different approaches to cultural interpretation.; Compare;
What role does linguistic mediation play in shaping both literary and historical understanding?; Explain;
Detail how the intersection of material conditions and ideological structures influences social transformation.; Describe;
Why might the apparent opposition between structure and agency be considered methodologically useful?; Reason;
Should the traditional distinction between objective and subjective approaches to knowledge be reconsidered?; Argue;
Consider how the dialectical relationship between form and content manifests in cultural production.; Other;
How does the reification of social processes influence both theoretical understanding and practical action?; Discuss;
Compare the epistemological foundations of different approaches to cultural analysis.; Compare;
What role does the negation of established paradigms play in theoretical development?; Explain;
Detail how the synthesis of competing methodological approaches influences contemporary scholarship.; Describe;
Why might the intersection of different theoretical frameworks be considered essential to comprehensive analysis?; Reason;
Should the traditional boundaries between theory and practice be maintained in contemporary scholarship?; Argue;
Analyze how the interpenetration of different disciplinary approaches influences knowledge production.; Other;
To what extent does epigenetic regulation of gene expression challenge traditional Mendelian paradigms of inheritance?; Discuss;
Compare the mechanistic implications of quantum entanglement with classical models of particle interaction.; Compare;
Detail how the emergent properties of neural networks facilitate both consciousness and cognitive processing.; Describe;
Why might the apparent paradox of mitochondrial inheritance be considered crucial to evolutionary theory?; Reason;
Should the anthropogenic influence on evolutionary trajectories be considered a distinct epoch in geological time?; Argue;
What role does membrane fluidity play in maintaining cellular homeostasis during environmental stress?; Explain;
Examine the implications of non-linear dynamics in both ecological systems and cellular metabolism.; Other;
How does the second law of thermodynamics influence both biological systems and chemical equilibria?; Discuss;
Compare the quantum mechanical and classical interpretations of molecular bonding theories.; Compare;
What role do allosteric interactions play in both enzymatic regulation and protein-protein signaling?; Explain;
Detail how the principles of fluid dynamics manifest in both cardiovascular systems and plant vasculature.; Describe;
Why might the apparent violation of parity conservation in weak nuclear interactions be considered fundamental?; Reason;
Should the traditional model of static protein structure be revised in light of intrinsic disorder theory?; Argue;
Analyze how both quantum tunneling and classical diffusion contribute to biological electron transport.; Other;
How does the concept of chirality influence both molecular behavior and macroscopic biological structures?; Discuss;
Compare the thermodynamic efficiency of photosynthesis with current artificial solar energy conversion systems.; Compare;
What implications does the uncertainty principle have for both measurement accuracy and biological processes?; Explain;
Detail how membrane potential generation relies on both active and passive transport mechanisms.; Describe;
Why might the emergence of antibiotic resistance be considered an example of directed evolution?; Reason;
Should the traditional central dogma of molecular biology be expanded to include reverse transcription?; Argue;
Consider how both quantum coherence and classical energy transfer contribute to photosynthetic efficiency.; Other;
How do stochastic processes influence both genetic drift and molecular interactions?; Discuss;
Compare the role of entropy in biological organization and chemical reaction spontaneity.; Compare;
What function does quantum tunneling serve in both enzyme catalysis and cellular respiration?; Explain;
Detail how signal transduction cascades integrate multiple regulatory inputs.; Describe;
Why might the apparent complexity of biological systems be considered an emergent property?; Reason;
Should the traditional model of neural computation be revised to include quantum effects?; Argue;
Examine how both deterministic and stochastic processes contribute to cellular differentiation.; Other;
How does the principle of minimum energy influence both molecular conformation and ecological adaptation?; Discuss;
Compare the mechanisms of natural selection at molecular and organismal levels.; Compare;
What role does conformational change play in both protein function and cellular signaling?; Explain;
Detail how the laws of thermodynamics constrain both metabolic efficiency and ecosystem dynamics.; Describe;
Why might the cooperative behavior of biological systems be considered thermodynamically favorable?; Reason;
Should the traditional model of discrete genetic inheritance be revised to include epigenetic mechanisms?; Argue;
Analyze how both quantum and classical phenomena contribute to sensory perception.; Other;
How do principles of self-organization manifest in both molecular assemblies and ecosystem development?; Discuss;
Compare the energetic constraints on biological and artificial information processing systems.; Compare;
What role does molecular recognition play in both immune response and neural plasticity?; Explain;
Detail how regulatory feedback loops maintain both cellular and physiological homeostasis.; Describe;
Why might the emergence of complex behavior from simple molecular interactions be considered inevitable?; Reason;
Should the traditional separation of physics and biology be maintained at the quantum scale?; Argue;
Consider how both deterministic and probabilistic factors influence evolutionary trajectories.; Other;
How does quantum decoherence affect both measurement accuracy and biological processes?; Discuss;
Compare the efficiency of natural and artificial photosynthetic systems.; Compare;
What role does conformational entropy play in both protein folding and molecular recognition?; Explain;
Detail how hybrid orbital theory explains both molecular structure and reactivity patterns.; Describe;
Why might the apparent wave-particle duality of matter be considered fundamental to quantum biology?; Reason;
Should traditional models of enzyme catalysis be revised to include quantum tunneling effects?; Argue;
Examine how both thermodynamic and kinetic factors influence metabolic regulation.; Other;
How do principles of symmetry breaking influence both chemical reactions and biological development?; Discuss;
Compare the mechanistic basis of ATP synthesis in mitochondria and chloroplasts.; Compare;
What implications does the theory of quantum biology have for our understanding of evolution?; Explain;
Detail how protein-protein interactions regulate both cellular signaling and metabolic pathways.; Describe;
Why might the emergence of life be considered an inevitable consequence of chemical evolution?; Reason;
Should the traditional model of DNA as a stable information carrier be revised?; Argue;
Analyze how both quantum and classical effects contribute to molecular recognition.; Other;